-- phpMyAdmin SQL Dump
-- version 4.8.5
-- https://www.phpmyadmin.net/
--
-- 主机： localhost
-- 生成日期： 2019-04-23 10:15:15
-- 服务器版本： 10.3.13-MariaDB
-- PHP 版本： 7.2.16

SET SQL_MODE = "NO_AUTO_VALUE_ON_ZERO";
SET AUTOCOMMIT = 0;
START TRANSACTION;
SET time_zone = "+00:00";


/*!40101 SET @OLD_CHARACTER_SET_CLIENT=@@CHARACTER_SET_CLIENT */;
/*!40101 SET @OLD_CHARACTER_SET_RESULTS=@@CHARACTER_SET_RESULTS */;
/*!40101 SET @OLD_COLLATION_CONNECTION=@@COLLATION_CONNECTION */;
/*!40101 SET NAMES utf8mb4 */;

--
-- 数据库： `zxzj`
--

-- --------------------------------------------------------

--
-- 表的结构 `cheJian`
--

CREATE TABLE `cheJian` (
  `id` tinyint(3) UNSIGNED NOT NULL,
  `name` varchar(32) DEFAULT NULL,
  `danWei` tinyint(3) UNSIGNED DEFAULT NULL
) ENGINE=InnoDB DEFAULT CHARSET=utf8 ROW_FORMAT=COMPACT;

--
-- 转存表中的数据 `cheJian`
--

INSERT INTO `cheJian` (`id`, `name`, `danWei`) VALUES
(1, '南翔站修', 1),
(2, '阜阳站修', 1),
(3, '合肥东站修', 1),
(4, '连云港站修', 2),
(5, '徐州站修', 2),
(6, '蚌埠站修', 2),
(7, '南京东站修', 2),
(8, '芜湖站修', 1),
(9, '乔司站修', 1),
(10, '金华站修', 1);

-- --------------------------------------------------------

--
-- 表的结构 `cheXing`
--

CREATE TABLE `cheXing` (
  `id` smallint(6) UNSIGNED NOT NULL,
  `name` varchar(32) DEFAULT NULL,
  `cheZhong` smallint(6) DEFAULT NULL
) ENGINE=InnoDB DEFAULT CHARSET=utf8;

--
-- 转存表中的数据 `cheXing`
--

INSERT INTO `cheXing` (`id`, `name`, `cheZhong`) VALUES
(1, 'test', 1);

-- --------------------------------------------------------

--
-- 表的结构 `cheZhong`
--

CREATE TABLE `cheZhong` (
  `id` smallint(6) UNSIGNED NOT NULL,
  `name` varchar(32) DEFAULT NULL
) ENGINE=InnoDB DEFAULT CHARSET=utf8;

--
-- 转存表中的数据 `cheZhong`
--

INSERT INTO `cheZhong` (`id`, `name`) VALUES
(7, 'C100'),
(8, 'C100A'),
(9, 'C100AH'),
(10, 'C100H'),
(11, 'C16AK'),
(12, 'C16K'),
(13, 'C50'),
(14, 'C61'),
(15, 'C61E'),
(16, 'C61K'),
(17, 'C61T'),
(18, 'C61YK'),
(19, 'C62'),
(20, 'C62A'),
(21, 'C62AK'),
(22, 'C62AT'),
(23, 'C62B'),
(24, 'C62BK'),
(25, 'C62BT'),
(26, 'C62M'),
(27, 'C63'),
(28, 'C63A'),
(29, 'C64'),
(30, 'C64AT'),
(31, 'C64H'),
(32, 'C64K'),
(33, 'C64T'),
(34, 'C65'),
(35, 'C70'),
(36, 'C70A'),
(37, 'C70B'),
(38, 'C70C'),
(39, 'C70E'),
(40, 'C70EF'),
(41, 'C76'),
(42, 'C76A'),
(43, 'C76B'),
(44, 'C76C'),
(45, 'C76H'),
(46, 'C80'),
(47, 'C80A(H)'),
(48, 'C80B'),
(49, 'C80BF'),
(50, 'C80C'),
(51, 'C80CA'),
(52, 'C80DH'),
(53, 'C80E'),
(54, 'C80EF'),
(55, 'C80EH'),
(56, 'C80H'),
(57, 'C96'),
(58, 'C96H'),
(59, 'P62K'),
(60, 'P62NK'),
(61, 'P64GH'),
(62, 'P13'),
(63, 'P50'),
(64, 'P60'),
(65, 'P61'),
(66, 'P62'),
(67, 'P62N'),
(68, 'P62NT'),
(69, 'P62T'),
(70, 'P63'),
(71, 'P64'),
(72, 'P64A'),
(73, 'P64AK'),
(74, 'P64AT'),
(75, 'P64GK'),
(76, 'P64GT'),
(77, 'P64K'),
(78, 'P64T'),
(79, 'P65'),
(80, 'P65S'),
(81, 'P66H'),
(82, 'P66K'),
(83, 'P70'),
(84, 'P70A'),
(85, 'P70B'),
(86, 'P80'),
(87, 'PT'),
(88, 'N'),
(89, 'N12'),
(90, 'N15'),
(91, 'N16'),
(92, 'N17'),
(93, 'N17A'),
(94, 'N17AK'),
(95, 'N17AT'),
(96, 'N17G'),
(97, 'N17GK'),
(98, 'N17GT'),
(99, 'N17K'),
(100, 'N17T'),
(101, 'N30'),
(102, 'N6'),
(103, 'N60'),
(104, 'NA1'),
(105, 'NF1H'),
(106, 'NJ10'),
(107, 'NJ3'),
(108, 'NJ4'),
(109, 'NJ5'),
(110, 'NJ6'),
(111, 'NJ7'),
(112, 'NJ8'),
(113, 'NJ9'),
(114, 'NP70'),
(115, 'NT'),
(116, 'X1K'),
(117, 'X2H'),
(118, 'X2K'),
(119, 'X3K'),
(120, 'X3TEU'),
(121, 'X4K'),
(122, 'X6A'),
(123, 'X6B'),
(124, 'X6BK'),
(125, 'X6BT'),
(126, 'X6C'),
(127, 'X6CK'),
(128, 'X6CT'),
(129, 'X6DH'),
(130, 'X6K'),
(131, 'X70'),
(132, 'NX17'),
(133, 'NX17A'),
(134, 'NX17AK'),
(135, 'NX17AT'),
(136, 'NX17B'),
(137, 'NX17BH'),
(138, 'NX17BK'),
(139, 'NX17BT'),
(140, 'NX17K'),
(141, 'NX17T'),
(142, 'NX70'),
(143, 'NX70A（N70)'),
(144, 'NX70H'),
(145, 'NX80'),
(146, 'G10'),
(147, 'G11'),
(148, 'G11A'),
(149, 'G11B'),
(150, 'G11BK'),
(151, 'G11E'),
(152, 'G11J'),
(153, 'G11JE'),
(154, 'G11JK'),
(155, 'G11JT'),
(156, 'G11K'),
(157, 'G11S'),
(158, 'G11SE'),
(159, 'G11SK'),
(160, 'G11ST'),
(161, 'G11T'),
(162, 'G14'),
(163, 'G16'),
(164, 'G17'),
(165, 'G17B'),
(166, 'G17BK'),
(167, 'G17BT'),
(168, 'G17D'),
(169, 'G17DK'),
(170, 'G17DT'),
(171, 'G17E'),
(172, 'G17GK'),
(173, 'G17GT'),
(174, 'G17K'),
(175, 'G17S'),
(176, 'G17SK'),
(177, 'G17T'),
(178, 'G19'),
(179, 'G50'),
(180, 'G60'),
(181, 'G60A'),
(182, 'G60E'),
(183, 'G60H'),
(184, 'G60HK'),
(185, 'G60K'),
(186, 'G60LB'),
(187, 'G60LBK'),
(188, 'G60T'),
(189, 'G60X'),
(190, 'G60XK'),
(191, 'G70'),
(192, 'G70A'),
(193, 'G70AK'),
(194, 'G70B'),
(195, 'G70D'),
(196, 'G70E'),
(197, 'G70H'),
(198, 'G70K'),
(199, 'G70T'),
(200, 'G73'),
(201, 'G75K'),
(202, 'GALK'),
(203, 'GF'),
(204, 'GF1'),
(205, 'GF18K'),
(206, 'GF1E'),
(207, 'GF1K'),
(208, 'GF1M'),
(209, 'GF1MK'),
(210, 'GF1T'),
(211, 'GF2'),
(212, 'GF2K'),
(213, 'GF2T'),
(214, 'GF3'),
(215, 'GF3K'),
(216, 'GF70'),
(217, 'GF70H'),
(218, 'GF80'),
(219, 'GFA'),
(220, 'GFAE'),
(221, 'GFAK'),
(222, 'GFAT'),
(223, 'GH'),
(224, 'GH17'),
(225, 'GH17K'),
(226, 'GH40'),
(227, 'GH40LK'),
(228, 'GH50AK'),
(229, 'GH50K'),
(230, 'GH60'),
(231, 'GH60CK'),
(232, 'GH60DK'),
(233, 'GH60EK'),
(234, 'GH60K'),
(235, 'GH65K'),
(236, 'GH70A'),
(237, 'GH70B'),
(238, 'GH70C'),
(239, 'GHA70'),
(240, 'GHA70A'),
(241, 'GHB55K'),
(242, 'GHB70'),
(243, 'GHE'),
(244, 'GHK'),
(245, 'GHL60K'),
(246, 'GHT'),
(247, 'GJ70'),
(248, 'GL'),
(249, 'GL60K'),
(250, 'GL70'),
(251, 'GLA'),
(252, 'GLAK'),
(253, 'GLB'),
(254, 'GLBE'),
(255, 'GLBK'),
(256, 'GLBT'),
(257, 'GLCE'),
(258, 'GLCK'),
(259, 'GLCT'),
(260, 'GLK'),
(261, 'GN17'),
(262, 'GN70'),
(263, 'GN70A'),
(264, 'GN70H'),
(265, 'GN80'),
(266, 'GNK'),
(267, 'GQ'),
(268, 'GQ70'),
(269, 'GQ70A'),
(270, 'GQ70H'),
(271, 'GQ80'),
(272, 'GS'),
(273, 'GS70'),
(274, 'GSK'),
(275, 'GW70'),
(276, 'GY100K'),
(277, 'GY100SK'),
(278, 'GY40SK'),
(279, 'GY45'),
(280, 'GY45S'),
(281, 'GY45SK'),
(282, 'GY48'),
(283, 'GY48K'),
(284, 'GY48S'),
(285, 'GY60'),
(286, 'GY60K'),
(287, 'GY60S'),
(288, 'GY60SK'),
(289, 'GY70K'),
(290, 'GY70S'),
(291, 'GY70SK'),
(292, 'GY80'),
(293, 'GY80E'),
(294, 'GY80K'),
(295, 'GY80S'),
(296, 'GY80SE'),
(297, 'GY80SK'),
(298, 'GY80ST'),
(299, 'GY80T'),
(300, 'GY95'),
(301, 'GY95A'),
(302, 'GY95AK'),
(303, 'GY95K'),
(304, 'GY95S'),
(305, 'GY95SK'),
(306, 'GYA70'),
(307, 'GYA70A'),
(308, 'GYA70AS'),
(309, 'GYA70B'),
(310, 'GYA70C'),
(311, 'GYA70S'),
(312, 'GYC70'),
(313, 'GYC70S'),
(314, 'K13AK'),
(315, 'K13AT'),
(316, 'K13B'),
(317, 'K13BK'),
(318, 'K13K'),
(319, 'K13N'),
(320, 'K13NA'),
(321, 'K13NK'),
(322, 'K13NT'),
(323, 'K13T'),
(324, 'K14E'),
(325, 'K14K'),
(326, 'K14T'),
(327, 'K16'),
(328, 'K16A'),
(329, 'K18'),
(330, 'K18AK'),
(331, 'K18AT'),
(332, 'K18BK'),
(333, 'K18DA'),
(334, 'K18DG(N)'),
(335, 'K18DK'),
(336, 'K18DT'),
(337, 'K18F'),
(338, 'K18k'),
(339, 'KF5-100'),
(340, 'KF60'),
(341, 'KF60AK'),
(342, 'KF60H'),
(343, 'KF60N'),
(344, 'KF60NH'),
(345, 'KF60Q'),
(346, 'KF60QK'),
(347, 'KM70A'),
(348, 'KM70B'),
(349, 'KM70'),
(350, 'KM80H'),
(351, 'KM98'),
(352, 'KM98AH'),
(353, 'KZ70系列'),
(354, 'KZ80H'),
(355, 'SQ1'),
(356, 'SQ1K'),
(357, 'SQ2'),
(358, 'SQ2K'),
(359, 'SQ3'),
(360, 'SQ3K'),
(361, 'SQ4'),
(362, 'SQ4K'),
(363, 'SQ5'),
(364, 'SQ6'),
(365, 'SQ7'),
(366, 'SQ8');

-- --------------------------------------------------------

--
-- 表的结构 `daBuWei`
--

CREATE TABLE `daBuWei` (
  `id` tinyint(3) UNSIGNED NOT NULL,
  `name` varchar(32) DEFAULT NULL
) ENGINE=InnoDB DEFAULT CHARSET=utf8;

--
-- 转存表中的数据 `daBuWei`
--

INSERT INTO `daBuWei` (`id`, `name`) VALUES
(1, '车体及底架'),
(2, '车钩缓冲装置'),
(3, '基础制动装置'),
(4, '空气制动装置'),
(5, '轮轴'),
(6, '转向架'),
(7, '其他');

-- --------------------------------------------------------

--
-- 表的结构 `danWei`
--

CREATE TABLE `danWei` (
  `id` tinyint(3) UNSIGNED NOT NULL,
  `name` varchar(64) DEFAULT NULL
) ENGINE=InnoDB DEFAULT CHARSET=utf8;

--
-- 转存表中的数据 `danWei`
--

INSERT INTO `danWei` (`id`, `name`) VALUES
(1, '杭州北车辆段'),
(2, '南京东车辆段');

-- --------------------------------------------------------

--
-- 表的结构 `dianWen`
--

CREATE TABLE `dianWen` (
  `id` int(10) UNSIGNED NOT NULL,
  `poster` smallint(5) UNSIGNED DEFAULT 0,
  `cheJian` varchar(1024) DEFAULT NULL,
  `title` varchar(64) DEFAULT NULL,
  `detail` varchar(16384) DEFAULT NULL,
  `attachment` varchar(1024) DEFAULT NULL
) ENGINE=InnoDB DEFAULT CHARSET=utf8 ROW_FORMAT=COMPACT;

--
-- 转存表中的数据 `dianWen`
--

INSERT INTO `dianWen` (`id`, `poster`, `cheJian`, `title`, `detail`, `attachment`) VALUES
(1, 1, '[1,2,8,9]', 'test', 'ssss\nddddd', NULL),
(2, 0, '[1,2,3,4]', 'dgdfgdf', 'wetrwetre', NULL),
(3, 0, '[1]', '111', '222', NULL);

-- --------------------------------------------------------

--
-- 表的结构 `group`
--

CREATE TABLE `group` (
  `id` tinyint(3) UNSIGNED NOT NULL,
  `name` varchar(32) DEFAULT NULL,
  `cheJian` varchar(1024) DEFAULT NULL
) ENGINE=InnoDB DEFAULT CHARSET=utf8;

--
-- 转存表中的数据 `group`
--

INSERT INTO `group` (`id`, `name`, `cheJian`) VALUES
(1, '杭州北车辆段管理员', '[{\"id\":1,\"permission\":4},{\"id\":2,\"permission\":4},{\"id\":3,\"permission\":4},{\"id\":9,\"permission\":4},{\"id\":10,\"permission\":4},{\"id\":8,\"permission\":4}]'),
(2, '南京东车辆段管理员', '[{\"id\":4,\"permission\":4},{\"id\":5,\"permission\":4},{\"id\":7,\"permission\":4},{\"id\":6,\"permission\":4}]'),
(3, '杭州北-南翔站修质检', '[{\"id\":1,\"permission\":1}]'),
(4, '杭州北-南翔站修检修', '[{\"id\":1,\"permission\":2}]'),
(5, '杭州北-阜阳站修质检', '[{\"id\":2,\"permission\":1}]'),
(6, '杭州北-阜阳站修检修', '[{\"id\":2,\"permission\":2}]'),
(7, '杭州北-合肥东站修质检', '[{\"id\":3,\"permission\":1}]'),
(8, '杭州北-合肥东站修检修', '[{\"id\":3,\"permission\":2}]'),
(9, '杭州北-乔司站修质检', '[{\"id\":9,\"permission\":1}]'),
(10, '杭州北-乔司站修检修', '[{\"id\":9,\"permission\":2}]'),
(11, '杭州北-金华站修质检', '[{\"id\":10,\"permission\":1}]'),
(12, '杭州北-金华站修检修', '[{\"id\":10,\"permission\":2}]'),
(13, '杭州北-芜湖站修质检', '[{\"id\":8,\"permission\":1}]'),
(14, '杭州北-芜湖站修检修', '[{\"id\":8,\"permission\":2}]'),
(15, '南京东-连云港站修质检', '[{\"id\":4,\"permission\":1}]'),
(16, '南京东-连云港站修检修', '[{\"id\":4,\"permission\":2}]'),
(17, '南京东-南京东站修质检', '[{\"id\":7,\"permission\":1}]'),
(18, '南京东-南京东站修检修', '[{\"id\":7,\"permission\":2}]'),
(19, '南京东-蚌埠站修质检', '[{\"id\":6,\"permission\":1}]'),
(20, '南京东-蚌埠站修检修', '[{\"id\":6,\"permission\":2}]'),
(21, '南京东-徐州站修质检', '[{\"id\":5,\"permission\":1}]'),
(22, '南京东-徐州站修检修', '[{\"id\":5,\"permission\":2}]'),
(254, '路局领导', '[{\"id\":5,\"permission\":0},{\"id\":1,\"permission\":0},{\"id\":2,\"permission\":0},{\"id\":3,\"permission\":0},{\"id\":8,\"permission\":0},{\"id\":9,\"permission\":0},{\"id\":10,\"permission\":0},{\"id\":4,\"permission\":0},{\"id\":6,\"permission\":0},{\"id\":7,\"permission\":0}]'),
(255, '管理员', '[]');

-- --------------------------------------------------------

--
-- 表的结构 `guZhang`
--

CREATE TABLE `guZhang` (
  `id` smallint(5) UNSIGNED NOT NULL,
  `name` varchar(64) DEFAULT NULL,
  `dengJi` tinyint(3) UNSIGNED DEFAULT NULL,
  `daBuWei` tinyint(3) UNSIGNED DEFAULT NULL
) ENGINE=InnoDB DEFAULT CHARSET=utf8;

--
-- 转存表中的数据 `guZhang`
--

INSERT INTO `guZhang` (`id`, `name`, `dengJi`, `daBuWei`) VALUES
(1, '小横梁折断', 2, 1),
(2, '小横梁弯曲变形', 2, 1),
(3, '小横梁裂纹', 2, 1),
(4, '小横梁开焊', 3, 1),
(5, '小横梁腹板腐蚀穿孔', 2, 1),
(6, '下侧门组装圆销漏装', 1, 1),
(7, '下侧门组装圆销垫片漏焊', 1, 1),
(8, '下侧门组装圆销与折页座轴向间隙超限', 3, 1),
(9, '下侧门组装圆销垫片焊接不到位', 2, 1),
(10, '下侧门折页座折断', 2, 1),
(11, '下侧门折页座裂纹', 2, 1),
(12, '下侧门折页座开焊', 2, 1),
(13, '下侧门折页折断', 2, 1),
(14, '下侧门折页裂纹', 3, 1),
(15, '下侧门折页开焊', 3, 1),
(16, '下侧门未关', 3, 1),
(17, '下侧门外胀', 3, 1),
(18, '下侧门破损', 2, 1),
(19, '下侧门间隙超限', 3, 1),
(20, '下侧门腐蚀', 2, 1),
(21, '下侧门吊环开口未焊', 3, 1),
(22, '下侧门吊环开焊', 3, 1),
(23, '下侧门吊环丢失', 3, 1),
(24, '下侧门吊环变形失效', 3, 1),
(25, '下侧门搭扣座螺栓折断', 3, 1),
(26, '下侧门搭扣座裂损', 2, 1),
(27, '下侧门搭扣折断', 2, 1),
(28, '下侧门搭扣未入槽', 3, 1),
(29, '下侧门搭扣螺栓未焊固', 3, 1),
(30, '下侧门搭扣螺栓松动', 3, 1),
(31, '下侧门搭扣裂损', 3, 1),
(32, '下侧门搭扣丢失', 3, 1),
(33, '下侧梁开焊', 3, 1),
(34, '手扶梯座折断', 3, 1),
(35, '手扶梯座脱焊', 2, 1),
(36, '手扶梯座裂纹', 3, 1),
(37, '绳栓折断', 3, 1),
(38, '绳栓弯曲变形', 3, 1),
(39, '绳栓松动', 3, 1),
(40, '绳栓铆钉丢失', 3, 1),
(41, '绳栓丢失', 3, 1),
(42, '上心盘铆钉折断', 3, 1),
(43, '上端梁裂损', 3, 1),
(44, '上端梁开焊', 2, 1),
(45, '上侧梁裂损', 2, 1),
(46, '上侧梁开焊', 2, 1),
(47, '色票框开裂', 3, 1),
(48, '人力制动机座开焊', 2, 1),
(49, '人力制动机未涂打装用标记', 2, 1),
(50, '墙板裂损', 2, 1),
(51, '棚车侧开门滑道弯曲', 2, 1),
(52, '木地板压条螺丝松动', 3, 1),
(53, '木地板破损', 3, 1),
(54, '临修标记未涂打', 2, 1),
(55, '临修标记涂打错误', 3, 1),
(56, '临修标记涂打不清', 3, 1),
(57, '临修标记涂打不规范', 3, 1),
(58, '脚蹬折断', 2, 1),
(59, '脚蹬弯曲变形', 3, 1),
(60, '脚蹬裂损', 2, 1),
(61, '脚蹬护铁弯曲变形', 3, 1),
(62, '脚蹬护铁破损', 3, 1),
(63, '脚蹬护铁开焊', 3, 1),
(64, '滑轮脱出', 3, 1),
(65, '焊接后未按规定涂抹防锈漆', 3, 1),
(66, '钢地板未按要求挖补', 2, 1),
(67, '钢地板破损', 2, 1),
(68, '辅助粱弯曲变形', 3, 1),
(69, '扶梯折断', 2, 1),
(70, '扶梯弯曲变形', 3, 1),
(71, '扶梯铆钉折断', 3, 1),
(72, '扶梯丢失', 3, 1),
(73, '防火板开焊', 3, 1),
(74, '防盗罩螺栓未焊', 3, 1),
(75, '端墙加强筋开焊', 3, 1),
(76, '端墙板破损', 3, 1),
(77, '端墙板开焊', 3, 1),
(78, '导轨弯曲变形', 3, 1),
(79, '大小车号不符', 3, 1),
(80, '大横梁下翼板开焊', 2, 1),
(81, '从板座裂损', 3, 1),
(82, '承载胺未涂打装用标记', 2, 1),
(83, '侧柱纵向裂纹', 3, 1),
(84, '侧柱铆钉折断', 3, 1),
(85, '侧柱铆钉丢失', 2, 1),
(86, '侧柱裂损', 2, 1),
(87, '侧柱开焊', 3, 1),
(88, '侧墙板外胀', 3, 1),
(89, '侧墙板破损', 2, 1),
(90, '侧墙板开焊', 3, 1),
(91, '侧梁开焊', 2, 1),
(92, '侧开门组装圆销漏装', 1, 1),
(93, '侧开门组装圆销垫片漏焊', 1, 1),
(94, '侧开门作用不良', 3, 1),
(95, '侧开门组装圆销垫片焊接不到位', 2, 1),
(96, '侧开门止档丢失', 3, 1),
(97, '侧开门折页座折断', 2, 1),
(98, '侧开门折页座裂损', 2, 1),
(99, '侧开门折页座开焊', 2, 1),
(100, '侧开门折页折断', 2, 1),
(101, '侧开门折页裂损', 3, 1),
(102, '侧开门下锁座焊缝开焊', 2, 1),
(103, '侧开门未关', 3, 1),
(104, '侧开门外胀', 3, 1),
(105, '侧开门锁座园销垫片未焊', 2, 1),
(106, '侧开门锁失效', 3, 1),
(107, '侧开门破损', 3, 1),
(108, '侧开门开闭作用不良', 3, 1),
(109, '侧开门开闭杆止档弹簧丢失', 3, 1),
(110, '侧开门开闭杆止挡铁破损', 3, 1),
(111, '侧开门开闭杆止挡失效', 2, 1),
(112, '侧开门开闭杆弯曲变形', 3, 1),
(113, '侧开门开闭杆锁盒开焊', 3, 1),
(114, '侧开门开闭杆手柄折断', 3, 1),
(115, '侧开门开闭杆手柄弯曲', 3, 1),
(116, '侧开门开闭杆手柄开焊', 3, 1),
(117, '侧开门开闭杆搭接量不足', 2, 1),
(118, '侧开门间隙超限', 3, 1),
(119, '侧开门滑道弯曲变形', 3, 1),
(120, '侧开门插销与上侧梁搭载量超限', 2, 1),
(121, '车号自动识别标签丢失', 1, 1),
(122, '车号自动识别标签失效', 1, 1),
(123, '车号自动识别标签信息与现车不符', 1, 1),
(124, '罐车卡带裂损', 1, 1),
(125, '罐车卡带调整器裂损', 1, 1),
(126, '提钩杆弯曲变形', 2, 2),
(127, '钩尾销托板螺栓开口销丢失', 3, 2),
(128, '钩尾框悬空', 3, 2),
(129, '钩尾框托板螺栓松动', 3, 2),
(130, '钩尾框托板螺栓开口销角度不良', 3, 2),
(131, '钩尾框托板螺栓开口销丢失', 2, 2),
(132, '钩尾框磨耗板开焊', 2, 2),
(133, '钩尾框磨耗板丢失', 2, 2),
(134, '钩托梁磨耗板丢失', 3, 2),
(135, '钩托梁螺栓松动', 3, 2),
(136, '钩托梁螺栓开口销角度不良', 3, 2),
(137, '钩托梁螺栓开口销丢失', 3, 2),
(138, '钩提杆座螺栓松动', 3, 2),
(139, '钩提杆座螺栓焊接不到位', 3, 2),
(140, '钩提杆座裂损', 3, 2),
(141, '钩提杆作用不良', 3, 2),
(142, '钩提杆弯曲变形', 3, 2),
(143, '钩提杆松余量超限', 2, 2),
(144, '钩提杆横动量超限', 2, 2),
(145, '钩提杆复位弹簧座开焊', 3, 2),
(146, '钩提杆复位弹簧折断', 3, 2),
(147, '钩舌圆销开口销折断', 3, 2),
(148, '钩舌圆销开口销丢失', 3, 2),
(149, '钩舌圆销丢失', 3, 2),
(150, '钩腔内未涂抹二硫化钼', 3, 2),
(151, '钩钩提杆与座凹槽间隙超限', 3, 2),
(152, '防跳插销作用不良', 2, 2),
(153, '防跳插销折断', 3, 2),
(154, '防跳插销裂损', 3, 2),
(155, '防跳插销吊链开裂', 3, 2),
(156, '车钩中心高度超限', 2, 2),
(157, '车钩支撑座尼龙磨耗板窜出', 3, 2),
(158, '车钩支撑座磨耗板开焊', 3, 2),
(159, '车钩支撑座磨耗板丢失', 3, 2),
(160, '车钩支撑座螺栓松动', 3, 2),
(161, '车钩三态作用不良', 2, 2),
(162, '车钩开锁作用不良', 2, 2),
(163, '车钩横动量、松余量、钩高尺寸未标注', 3, 2),
(164, '车钩防跳插销丢失', 3, 2),
(165, '车钩闭锁不良', 2, 2),
(166, '车钩安全托吊开焊', 2, 2),
(167, '制动梁裂纹', 1, 3),
(168, '固定杠杆支点座裂纹', 1, 3),
(169, '制动梁闸瓦托松动', 1, 3),
(170, '制动梁支柱螺栓松动', 1, 3),
(171, '制动梁安全链螺母松动', 3, 3),
(172, '制动缸链环脱落', 2, 3),
(173, '制动缸后杠杆开口销折断', 2, 3),
(174, '制动缸后杠杆开口销角度不良', 2, 3),
(175, '制动缸鞲鞴行程超限', 2, 3),
(176, '闸瓦折断', 3, 3),
(177, '闸瓦缺损', 2, 3),
(178, '闸瓦磨耗过限', 3, 3),
(179, '闸瓦厚度差超限', 3, 3),
(180, '闸瓦丢失', 2, 3),
(181, '闸瓦插销未入槽', 3, 3),
(182, '闸瓦插销丢失', 2, 3),
(183, '闸调器作用不良', 2, 3),
(184, '闸调器未涂打装车标记', 3, 3),
(185, '闸调器开口销折断', 2, 3),
(186, '闸调器开口销角度不良', 2, 3),
(187, '脱轨拉环拉铆钉窜出', 2, 3),
(188, '手制动踏板开焊', 3, 3),
(189, '上拉杆圆销与平垫圈组装不正位', 2, 3),
(190, '上拉杆与托架抗衡', 3, 3),
(191, '上拉杆未卡入托架', 2, 3),
(192, '上拉杆托架作用不良', 3, 3),
(193, '上拉杆托架折断', 3, 3),
(194, '上拉杆托架弯曲变形', 3, 3),
(195, '软管吊链裂纹', 3, 3),
(196, '人力制动机座固定螺栓漏焊', 2, 3),
(197, '人力制动机作用不良', 3, 3),
(198, '人力制动机转动不良', 3, 3),
(199, '人力制动机轴链折断', 2, 3),
(200, '人力制动机轴链裂纹', 2, 3),
(201, '人力制动机轴链卷入量超限', 3, 3),
(202, '人力制动机轴链丢失', 2, 3),
(203, '人力制动机制止锤丢失', 3, 3),
(204, '人力制动机制动盘丢失', 2, 3),
(205, '人力制动机踏板折断', 3, 3),
(206, '人力制动机踏板弯曲变形', 3, 3),
(207, '人力制动机踏板托架开焊', 2, 3),
(208, '人力制动机踏板螺栓松动', 3, 3),
(209, '人力制动机手轮丢失', 3, 3),
(210, '人力制动机手柄折断', 3, 3),
(211, '人力制动机链长超限', 3, 3),
(212, '人力制动机链轮座开焊', 3, 3),
(213, '人力制动机拉杆弯曲变形', 3, 3),
(214, '人力制动机拉杆托架弯曲变形', 3, 3),
(215, '人力制动机拉杆托架裂纹', 3, 3),
(216, '人力制动机拉杆链马蹄环丢失', 2, 3),
(217, '人力制动机导架座开焊', 3, 3),
(218, '人力制动机导架折断', 3, 3),
(219, '人力制动机导架弯曲变形', 2, 3),
(220, '人力制动机导架螺栓松动', 3, 3),
(221, '基础制动圆销未给油', 3, 3),
(222, '缓解阀拉杆作用不良', 3, 3),
(223, '缓解阀拉杆弯曲变形', 3, 3),
(224, '缓解阀拉杆丢失', 2, 3),
(225, '横跨梁螺栓垂直移动量超限', 3, 3),
(226, '主管裂纹', 1, 4),
(227, '主管折断', 1, 4),
(228, '支管裂纹', 1, 4),
(229, '支管折断', 1, 4),
(230, '主管漏泄', 2, 4),
(231, '主管卡箍松动', 3, 4),
(232, '制动软管吊链组成脱落', 3, 4),
(233, '制动缸前盖螺栓松动', 3, 4),
(234, '制动缸链环裂损', 2, 4),
(235, '制动缸吊架螺母松动', 2, 4),
(236, '制动缸吊架螺母丢失', 2, 4),
(237, '支管卡箍松动', 3, 4),
(238, '折角塞门手把作用不良', 3, 4),
(239, '折角塞门手把销折断', 3, 4),
(240, '折角塞门漏泄', 2, 4),
(241, '脱轨自动制动阀球阀关闭', 2, 4),
(242, '脱轨自动制动阀顶梁弯曲', 3, 4),
(243, '脱轨拉环与车轴△y2值超限', 2, 4),
(244, '脱轨拉环破损', 2, 4),
(245, '脱轨拉环铆钉折断', 3, 4),
(246, '脱轨拉环铆钉磨耗过限', 2, 4),
(247, '脱轨拉环铆钉丢失', 2, 4),
(248, '脱轨拉环铆钉错装', 3, 4),
(249, '脱轨拉环漏装', 2, 4),
(250, '脱轨拉环变形', 3, 4),
(251, '调整阀触头与横跨梁磨耗板间隙超限', 3, 4),
(252, '软管松动', 3, 4),
(253, '软管混用', 3, 4),
(254, '软管过期', 3, 4),
(255, '软管吊链作用不良', 3, 4),
(256, '软管吊链丢失', 3, 4),
(257, '软管垫圈窜出', 3, 4),
(258, '空重车指示牌丢失', 3, 4),
(259, '缓解阀作用不良', 3, 4),
(260, '缓解阀漏泄', 2, 4),
(261, '缓解阀拉杆座弯曲变形', 3, 4),
(262, '缓解阀拉杆座开焊', 2, 4),
(263, '缓解阀拉杆座丢失', 2, 4),
(264, '缓解阀拉杆托架开焊', 3, 4),
(265, '缓解阀拉杆开焊', 3, 4),
(266, '横跨梁螺栓开口销丢失', 3, 4),
(267, '横跨梁开口销角度不良', 2, 4),
(268, '风缸吊架螺栓松动', 3, 4),
(269, '风缸吊架裂损', 2, 4),
(270, '法兰螺栓松动', 3, 4),
(271, '传感阀防尘帽破损', 3, 4),
(272, '传感阀防尘帽丢失', 3, 4),
(273, '传感阀触头与横跨梁间隙超限', 3, 4),
(274, '传感阀触头开口销角度不良', 2, 4),
(275, '120防盗罩座裂', 3, 4),
(276, '120防盗罩螺栓安装座折断', 2, 4),
(277, '120防盗罩螺栓安装座裂损', 3, 4),
(278, '120防盗罩耳裂纹', 3, 4),
(279, '120阀防盗罩破损', 3, 4),
(280, '120阀防盗罩丢失', 3, 4),
(281, '车轮裂纹', 1, 5),
(282, '车轮缺损', 1, 5),
(283, '车轴纵、横裂纹', 1, 5),
(284, '轴颈弯曲', 1, 5),
(285, '轴承外圈裂纹', 1, 5),
(286, '轴承外圈电蚀', 1, 5),
(287, '轮缘厚度超限', 1, 5),
(288, '轴端螺栓松动', 2, 5),
(289, '轴承施封锁折断', 2, 5),
(290, '轴承施封锁丢失', 3, 5),
(291, '轴承前盖变形', 1, 5),
(292, '轴承密封失效', 2, 5),
(293, '踏面圆周磨耗过限', 1, 5),
(294, '踏面擦伤', 1, 5),
(295, '踏面剥离', 1, 5),
(296, '轮轴左端未在车辆奇数位', 2, 5),
(297, '轮辋厚度过限', 1, 5),
(298, '轮卡漏填', 2, 5),
(299, '轮卡错填', 2, 5),
(300, '轮对信息录入错误', 2, 5),
(301, '摇枕裂纹', 1, 6),
(302, '侧架裂纹', 1, 6),
(303, '承载鞍裂纹', 1, 6),
(304, '侧架立柱磨耗板铆钉松动', 1, 6),
(305, '侧架立柱磨耗板铆钉折断', 1, 6),
(306, '侧架立柱磨耗板铆钉丢失', 1, 6),
(307, '交叉杆裂纹', 1, 6),
(308, '闸瓦插销磨耗过限', 3, 6),
(309, '闸瓦插销环丢失', 3, 6),
(310, '摇枕弹簧折断', 3, 6),
(311, '摇枕弹簧错装', 1, 6),
(312, '摇枕弹簧窜出', 3, 6),
(313, '心盘磨耗盘破损', 3, 6),
(314, '心盘螺栓开口销折断', 3, 6),
(315, '心盘螺栓开口销丢失', 3, 6),
(316, '心盘螺栓丢失', 3, 6),
(317, '斜楔破损', 2, 6),
(318, '上旁承下平面与支撑麽耗板间隙超限', 3, 6),
(319, '上拉杆托架圆销开口销丢失', 3, 6),
(320, '旁承座折断', 3, 6),
(321, '旁承磨耗板丢失', 2, 6),
(322, '挡键折断', 3, 6),
(323, '挡键松动', 3, 6),
(324, '挡键螺栓丢失', 3, 6),
(325, '挡键漏装', 2, 6),
(326, '挡键开口销折断', 3, 6),
(327, '挡键开口销角度不良', 3, 6),
(328, '挡键间隙不符合要求', 3, 6),
(329, '挡键丢失', 2, 6),
(330, '承载鞍未正位', 3, 6),
(331, '承载鞍裂损', 2, 6),
(332, '临修故障未处理', 1, 7);

-- --------------------------------------------------------

--
-- 表的结构 `jiaoJian`
--

CREATE TABLE `jiaoJian` (
  `id` int(11) NOT NULL,
  `date` date DEFAULT NULL,
  `cheHao` varchar(16) DEFAULT NULL,
  `xiuCheng` tinyint(4) DEFAULT NULL,
  `cheZhong` smallint(5) UNSIGNED DEFAULT NULL,
  `guZhang` smallint(5) UNSIGNED DEFAULT NULL,
  `danWei` tinyint(3) UNSIGNED DEFAULT NULL,
  `cheJian` tinyint(3) UNSIGNED DEFAULT NULL,
  `user` smallint(5) UNSIGNED DEFAULT NULL,
  `state` tinyint(3) UNSIGNED DEFAULT NULL
) ENGINE=InnoDB DEFAULT CHARSET=utf8;

--
-- 转存表中的数据 `jiaoJian`
--

INSERT INTO `jiaoJian` (`id`, `date`, `cheHao`, `xiuCheng`, `cheZhong`, `guZhang`, `danWei`, `cheJian`, `user`, `state`) VALUES
(1, '2018-12-11', '1234c', 1, 5, 7, 1, 1, 3, NULL),
(2, '2018-12-11', '4321', 2, 1, 6, 1, 3, 4, 1),
(4, '2018-12-30', '1111', 1, 1, 1, 1, 3, 3, NULL),
(5, '2018-12-31', '2222', 1, 5, 6, 1, 3, 3, NULL),
(6, '2019-01-02', '3333', 1, 2, 2, 1, 2, 4, 4),
(7, '2019-01-05', '4444', 1, 5, 318, 1, 3, 5, 3),
(8, '2019-03-01', '4332', 1, 1, 1, 1, 3, 4, NULL),
(10, '2019-03-01', 'njd', 2, 3, 169, 2, 4, 4, NULL),
(11, '2019-03-01', '3344556', 4, 7, 6, 1, 1, 10, 2),
(12, '2019-03-03', '4433356', 3, 132, 172, 1, 1, 10, NULL),
(13, '2019-03-07', '3322556', 4, 2, 290, 1, 1, 10, 3);

-- --------------------------------------------------------

--
-- 表的结构 `jiaoJianChuLi`
--

CREATE TABLE `jiaoJianChuLi` (
  `id` int(10) UNSIGNED NOT NULL,
  `state` tinyint(3) UNSIGNED DEFAULT NULL,
  `cheHao` varchar(16) DEFAULT NULL,
  `xiuCheng` tinyint(3) UNSIGNED DEFAULT NULL,
  `danWei` tinyint(4) UNSIGNED DEFAULT NULL,
  `cheJian` tinyint(4) UNSIGNED DEFAULT NULL,
  `guZhang` smallint(6) UNSIGNED DEFAULT NULL,
  `xiaFaShiJian` timestamp NULL DEFAULT NULL,
  `xiaFaRen` smallint(5) UNSIGNED DEFAULT NULL,
  `chuLiShiJian` timestamp NULL DEFAULT NULL,
  `chuLiRen` smallint(5) UNSIGNED DEFAULT NULL,
  `chuLi` varchar(64) DEFAULT NULL,
  `yanZhiYuanYin` varchar(64) DEFAULT NULL,
  `fuJianShiJian` timestamp NULL DEFAULT NULL,
  `fuJianRen` smallint(5) UNSIGNED DEFAULT NULL
) ENGINE=InnoDB DEFAULT CHARSET=utf8;

--
-- 转存表中的数据 `jiaoJianChuLi`
--

INSERT INTO `jiaoJianChuLi` (`id`, `state`, `cheHao`, `xiuCheng`, `danWei`, `cheJian`, `guZhang`, `xiaFaShiJian`, `xiaFaRen`, `chuLiShiJian`, `chuLiRen`, `chuLi`, `yanZhiYuanYin`, `fuJianShiJian`, `fuJianRen`) VALUES
(2, 1, '4321', 2, 1, 3, 6, '2019-03-13 08:42:18', 4, NULL, NULL, NULL, NULL, NULL, NULL),
(6, 4, '3333', 1, 1, 2, 2, '2019-03-07 11:30:24', 4, '2019-03-07 13:15:00', 7, NULL, NULL, '2019-03-07 13:15:00', 3),
(7, 3, '4444', 1, 1, 3, 318, '2019-03-12 13:13:41', 5, '2019-03-17 18:44:00', 7, NULL, NULL, '2019-03-17 18:51:00', 3),
(11, 2, '3344556', 4, 1, 1, 4, '2019-03-18 05:57:44', 10, '2019-04-08 09:39:00', 1, 'test', NULL, NULL, NULL),
(13, 3, '3322556', 4, 1, 1, 290, '2019-03-19 01:50:41', 10, '2019-03-19 01:53:00', 20, NULL, NULL, '2019-03-19 01:55:00', 10);

-- --------------------------------------------------------

--
-- 表的结构 `jiaoJianCount`
--

CREATE TABLE `jiaoJianCount` (
  `id` int(10) UNSIGNED NOT NULL,
  `month` varchar(8) DEFAULT NULL,
  `cheJian` tinyint(3) UNSIGNED DEFAULT NULL,
  `count` smallint(5) UNSIGNED DEFAULT NULL,
  `counts` varchar(256) DEFAULT NULL
) ENGINE=InnoDB DEFAULT CHARSET=utf8;

--
-- 转存表中的数据 `jiaoJianCount`
--

INSERT INTO `jiaoJianCount` (`id`, `month`, `cheJian`, `count`, `counts`) VALUES
(1, '2018-12', 3, 90, '{}'),
(2, '2019-03', 3, 101, '{}'),
(3, '2019-01', 3, 26, '{}'),
(4, '2018-07', 1, 33, '{}'),
(5, '2019-03', 4, 11, '{}'),
(6, '2019-03', 7, 21, '{}'),
(7, '2019-03', 1, 22, '{}'),
(8, '2018-12', 1, 45, '{}'),
(9, '2019-02', 1, 333, '{}'),
(10, '2019-04', 1, 2, '{\"0\":0,\"3\":2}'),
(11, '2019-01', 2, 5, '{\"0\":5}');

-- --------------------------------------------------------

--
-- 表的结构 `option`
--

CREATE TABLE `option` (
  `id` tinyint(3) UNSIGNED NOT NULL,
  `options` varchar(16384) DEFAULT NULL
) ENGINE=InnoDB DEFAULT CHARSET=utf8 ROW_FORMAT=COMPACT;

--
-- 转存表中的数据 `option`
--

INSERT INTO `option` (`id`, `options`) VALUES
(0, '{\"zhiJianYuan\":{\"uploadMaxSize\":8388608}}');

-- --------------------------------------------------------

--
-- 表的结构 `peiJian`
--

CREATE TABLE `peiJian` (
  `id` smallint(5) UNSIGNED NOT NULL,
  `name` varchar(64) DEFAULT NULL,
  `leiBie` tinyint(3) UNSIGNED DEFAULT NULL
) ENGINE=InnoDB DEFAULT CHARSET=utf8;

--
-- 转存表中的数据 `peiJian`
--

INSERT INTO `peiJian` (`id`, `name`, `leiBie`) VALUES
(2, '侧架', 1),
(3, '侧架组成', 1),
(4, '摇枕', 1),
(5, '摇枕组成', 1),
(6, '车钩', 1),
(7, '钩舌', 1),
(8, '钩舌圆销', 1),
(9, '钩舌推铁', 1),
(10, '钩锁铁', 1),
(11, '钩锁铁组成', 1),
(12, '上作用钩锁销及杆', 1),
(13, '上锁销', 1),
(14, '上锁销装配', 1),
(15, '下作用钩锁销及杆', 1),
(16, '车钩下锁销', 1),
(17, '下锁销杆', 1),
(18, '下锁销转轴', 1),
(19, '下锁销装配', 1),
(20, '下锁销组成', 1),
(21, '横跨梁', 2),
(22, '横跨梁组成', 2),
(23, '制动梁', 2),
(24, '组合制动梁', 2),
(25, '组合式制动梁', 2),
(26, '闸调器', 2),
(27, '交叉杆', 2),
(28, '交叉支撑组成', 2),
(29, '上交叉杆组成', 2),
(30, '下交叉杆组成', 2),
(31, '交叉杆组成', 2),
(32, '弹簧托板', 2),
(33, '弹簧托板组成', 2),
(34, '摇动座', 2),
(35, '导框摇动座', 2),
(36, '分离式斜楔', 2),
(37, '斜楔', 2),
(38, '组合式斜楔', 2),
(39, '斜楔体', 2),
(40, '斜楔针状贝氏体', 2),
(41, '斜楔针状马氏体', 2),
(42, '斜楔组成', 2),
(43, '组合斜楔', 2),
(44, '制动软管总成', 2),
(45, '空重车自动调整装置', 2),
(46, '主阀组成', 2),
(47, '传感阀', 2),
(48, '调整阀', 2),
(49, '紧急阀组成', 2),
(50, '旁承座', 2),
(51, '承载鞍', 2),
(52, '侧架立柱磨耗板', 2);

-- --------------------------------------------------------

--
-- 表的结构 `ruKuFuJian`
--

CREATE TABLE `ruKuFuJian` (
  `id` int(10) UNSIGNED NOT NULL,
  `date` date DEFAULT NULL,
  `xingHao` smallint(5) UNSIGNED DEFAULT NULL,
  `ruKuShuLiang` int(10) UNSIGNED DEFAULT NULL,
  `fuJianShuLiang` tinyint(3) UNSIGNED DEFAULT NULL,
  `bianHao` varchar(255) DEFAULT NULL,
  `jieGuo` tinyint(3) UNSIGNED DEFAULT NULL,
  `user` smallint(5) UNSIGNED DEFAULT NULL,
  `cheJian` tinyint(3) UNSIGNED DEFAULT NULL
) ENGINE=InnoDB DEFAULT CHARSET=utf8;

--
-- 转存表中的数据 `ruKuFuJian`
--

INSERT INTO `ruKuFuJian` (`id`, `date`, `xingHao`, `ruKuShuLiang`, `fuJianShuLiang`, `bianHao`, `jieGuo`, `user`, `cheJian`) VALUES
(1, '2019-03-08', 1, 5, 1, '111', 1, 3, 1),
(2, '2019-04-12', 48, 2, 2, 'ww', 1, 8, 1),
(3, '2019-04-15', 197, 299, 6, '333', 1, 10, 1),
(4, '2019-04-15', 201, 99, 3, NULL, 1, 1, 1);

-- --------------------------------------------------------

--
-- 表的结构 `user`
--

CREATE TABLE `user` (
  `id` smallint(6) NOT NULL,
  `name` varchar(32) DEFAULT NULL,
  `password` varchar(64) NOT NULL,
  `token` smallint(5) UNSIGNED DEFAULT NULL,
  `groups` varchar(1024) DEFAULT NULL,
  `danWei` tinyint(3) UNSIGNED DEFAULT NULL,
  `cheJian` tinyint(3) UNSIGNED DEFAULT NULL,
  `state` tinyint(3) UNSIGNED DEFAULT NULL
) ENGINE=InnoDB DEFAULT CHARSET=utf8;

--
-- 转存表中的数据 `user`
--

INSERT INTO `user` (`id`, `name`, `password`, `token`, `groups`, `danWei`, `cheJian`, `state`) VALUES
(1, 'oblind', '4e3DWFKQHAFsw', 26440, '[255]', NULL, NULL, NULL),
(2, 'realarzt', '938/kIkECvYAc', 63246, '[255]', NULL, NULL, NULL),
(8, '李建', 'fdjPkQXbQxVaM', NULL, '[1]', 1, NULL, NULL),
(9, '毛工', 'fdjPkQXbQxVaM', NULL, '[2]', 2, NULL, NULL),
(10, '王五', 'fdjPkQXbQxVaM', NULL, '[3]', 1, 1, NULL),
(11, '田四', 'fdjPkQXbQxVaM', NULL, '[5]', 1, 2, NULL),
(12, '黄四', 'fdjPkQXbQxVaM', NULL, '[7]', 1, 3, NULL),
(13, '张一', 'fdjPkQXbQxVaM', NULL, '[9]', 1, 9, NULL),
(14, '张二', 'fdjPkQXbQxVaM', NULL, '[13]', 1, 8, NULL),
(15, '张三', 'fdjPkQXbQxVaM', NULL, '[11]', 1, 10, 1),
(16, '张四', 'fdjPkQXbQxVaM', NULL, '[17]', 2, 7, NULL),
(17, '张五', 'fdjPkQXbQxVaM', NULL, '[19]', 2, 6, NULL),
(18, '张六', 'fdjPkQXbQxVaM', NULL, '[21]', 2, 5, NULL),
(19, '张七', 'fdjPkQXbQxVaM', NULL, '[15]', 2, 4, NULL),
(20, '张八', 'fdjPkQXbQxVaM', NULL, '[4]', 1, 1, NULL),
(21, '容工', 'fdjPkQXbQxVaM', NULL, '[254]', NULL, NULL, NULL),
(22, 'test', '49a7DBHlRgrCQ', NULL, '[16,255]', NULL, NULL, NULL);

-- --------------------------------------------------------

--
-- 表的结构 `xingHao`
--

CREATE TABLE `xingHao` (
  `id` smallint(5) UNSIGNED NOT NULL,
  `name` varchar(64) DEFAULT NULL,
  `peiJian` smallint(5) UNSIGNED DEFAULT NULL
) ENGINE=InnoDB DEFAULT CHARSET=utf8;

--
-- 转存表中的数据 `xingHao`
--

INSERT INTO `xingHao` (`id`, `name`, `peiJian`) VALUES
(1, '转K4', 2),
(2, 'C63', 2),
(3, '转8A', 2),
(4, '转8G ', 2),
(5, '转K2 QCZ85-20A-01', 2),
(6, '控制型 QCZ41-20-01 B级钢', 2),
(7, '100T铁水车用', 2),
(8, '转8 B', 2),
(9, '100型', 2),
(10, '转K6 QCZ133-20-01', 2),
(11, '转9', 2),
(12, '转K7', 2),
(13, '65T铁水车用', 2),
(14, '65型', 2),
(15, '转K5 ZCHZ56-20-01A', 3),
(16, '转K6 B+', 3),
(17, '转K5', 3),
(18, '转K1型车专用', 3),
(19, '转K6 QCZ133-20-00', 3),
(20, '转K2', 3),
(21, '转K5', 2),
(22, '控制型 QCZ49-40-01', 4),
(23, 'C63', 4),
(24, '转K2 QCZ85-40-01', 4),
(25, '100型', 4),
(26, '转K4', 4),
(27, '100T铁水车用', 4),
(28, '65型', 4),
(29, '转K6 QCZ133-40-01', 4),
(30, '转K5', 4),
(31, '转8A、转8G', 4),
(33, '转9', 4),
(34, 'C63', 4),
(35, '65T铁水车用', 4),
(36, '转K6', 5),
(37, '转K2', 5),
(38, '转K6 2位', 5),
(39, 'K1型车专用', 5),
(40, '转8AG', 5),
(41, '转K5 2位', 5),
(42, '转K6 1位', 5),
(43, '转K5 1位', 5),
(44, '转K4 1位', 5),
(45, '转K4 2位', 5),
(46, '13B', 6),
(47, '2号', 6),
(48, '16号', 6),
(49, '17型', 6),
(50, '16型 利旧', 6),
(51, '13号 下作用', 6),
(52, '13A 上作用', 6),
(53, '17号', 6),
(54, '13号 小间隙', 6),
(55, '16型', 6),
(56, '13号 小间隙 下作用', 6),
(57, '13A', 6),
(58, '13B QCP818F-00-00 E级钢', 6),
(59, '13号 上作用', 6),
(60, '16号、17号 QCP802-00-02 E级钢', 7),
(61, '13号', 7),
(62, '17号 SP', 7),
(63, '13B', 7),
(64, '16H', 7),
(65, '13号 HT93-02-75 C级钢', 7),
(66, '13A', 7),
(67, '13B QCP818F-00-01 E级钢', 7),
(68, 'HT87-710-02', 7),
(69, '17号 QCP802-00-03 C级40Cr', 8),
(70, '13号 HT93-05-75 合金钢', 8),
(71, '13号 HT93-05-75 C级钢', 8),
(72, '2号 下作用 HT88-01-75', 8),
(73, '17号', 8),
(74, '13号', 8),
(75, '16号、17号 QCP802-00-04 B级钢', 9),
(76, '13号', 9),
(77, '13B', 9),
(78, '13号 HT93-03-75 C级钢', 9),
(79, '13号 B级钢', 9),
(80, '16号、17号', 9),
(81, '13号 通用', 9),
(82, '13号 E级钢', 9),
(83, '13号 HT93-04-75 C级钢', 10),
(84, '13号 GB/7709-04-87', 10),
(85, '13号', 10),
(86, '16号、17号 QCP802-01-01 E级钢', 10),
(87, '13号 QCP818D-00-02', 10),
(88, '16号、17号', 11),
(89, '16号、17号 QCP802-01-00', 11),
(90, '13型', 12),
(91, '13号 HT93-06-75', 13),
(92, '13号 三级防跳 QCP818D-20A-00', 14),
(93, '13型', 15),
(94, '16号', 16),
(95, '17号 QCP803-01-01 B级钢', 17),
(96, '17号', 16),
(97, '17号 QCP803A-00-01 B级钢', 18),
(98, '17#', 18),
(99, '13号', 16),
(100, '13型', 15),
(101, '13号 QCP818C-20-00 B级钢', 19),
(102, '16号', 20),
(103, '17号', 20),
(104, '13B QCP818E-20-00 E级钢', 20),
(105, '8B', 21),
(106, 'K2\\K6', 21),
(107, '控制型 C63 QCZ50A-90-002', 22),
(108, '转K5 ZCHZ56-90-00', 22),
(109, '转8AG 8G QCZ106-90-00', 22),
(110, '转K4 ZCH110-80-07-000', 22),
(111, '转K2 QCZ86A-90A-00', 22),
(112, '转K2', 21),
(113, 'QCZ86A-92B-01 Q235A', 21),
(114, 'K4，K5', 21),
(115, 'L-B型 高摩 右 QCP704A-10-00', 23),
(116, 'L-B型 低摩 左 QCP704A-20-00', 23),
(117, 'L-B型 高摩 左 QCP704A-10-00', 23),
(118, 'L-B型 右 QCP704-10-00', 23),
(119, 'L-B型 右', 24),
(120, 'L-B型 左', 25),
(121, 'L-B型 右', 25),
(122, 'ST2-250型', 26),
(123, 'ST1-600型', 26),
(124, '转K2 QCZ85-71/72-00', 27),
(125, '转8G QCZ105-71A-00', 27),
(126, '转8AG、转8G QCZ105-71C-00', 28),
(127, '转K2 QCZ85A-72-00', 29),
(128, '转K2、转K6 QCZ85A-71-00', 30),
(129, 'C80BF', 31),
(130, '转K2、转K6(加修)', 31),
(131, '转K6', 29),
(132, 'C80E', 31),
(133, '转K2 新', 30),
(134, '转K2 新', 29),
(135, '转K2、转K6 QCZ85A-71A-00', 31),
(136, '转K2及转K6', 31),
(137, 'K5', 32),
(138, 'K4', 32),
(139, 'C80EH THB-1', 32),
(140, '转K5', 32),
(141, '转K4 ZCZ53-80A-00', 32),
(142, '转K4', 32),
(143, '转K5 ZCHZ56-80-00', 32),
(144, 'K5', 33),
(145, '转K4', 33),
(146, '转K5', 34),
(147, '转K4 ZCZ53-20-11', 35),
(148, '小圆弧 K4 新式', 35),
(149, '转K2 左', 36),
(150, '转K2/K6 组合式', 37),
(151, '转K2 QCZ85A-30-01', 37),
(152, 'C76A', 37),
(153, 'C80BF', 37),
(154, 'KF60', 37),
(155, 'K16', 37),
(156, '转K6、转K2 组合式 QCZ133-90-00', 38),
(157, '8G', 37),
(158, '转8B、转8AB QCZ105A-30-01', 37),
(159, '转8A', 37),
(160, '转K4', 37),
(161, 'C76C', 37),
(162, '转K3', 39),
(163, '转8B', 38),
(164, 'k16 新型', 37),
(165, 'K4', 37),
(166, '转K2 右', 36),
(167, 'C76H', 37),
(168, 'C76B', 37),
(169, 'C63', 37),
(170, '转K2', 40),
(171, 'K1型车专用', 37),
(172, '转K5', 37),
(173, '控制型', 37),
(174, 'K2', 41),
(175, '转K4', 42),
(176, 'C80EH ZX-5', 43),
(177, 'ZCH142-09-08-000', 42),
(178, 'C80E', 42),
(179, 'C80EF ZX-3', 38),
(180, 'K5', 42),
(181, '665ZC', 44),
(182, '980', 44),
(183, '850ZC TYBJ04A-00-00', 44),
(184, '585ZC', 44),
(185, '795 TYBJ04A-00-00', 44),
(186, '36×3×870', 44),
(187, '710G', 44),
(188, '715', 44),
(189, 'KZW-A型 TYJLKZWA', 45),
(190, 'KZW-B型', 45),
(191, 'KZW-A 70T', 45),
(192, 'X-A', 45),
(193, 'GK', 45),
(194, '120 10寸 MSP120-10-00', 46),
(195, '120 14寸', 46),
(196, 'TWG-1A型 MSP423-10-00', 47),
(197, 'TWG-1A型 MSP424-10-00', 48),
(198, '120 MSP120-40-00', 49),
(199, 'JC-1', 50),
(200, 'JC', 50),
(201, '转K2 新', 50),
(202, '转8A', 51),
(203, '转K6', 51),
(204, '转K2  ', 51),
(205, '转K2', 52);

-- --------------------------------------------------------

--
-- 表的结构 `xiuCheng`
--

CREATE TABLE `xiuCheng` (
  `id` smallint(6) NOT NULL,
  `name` varchar(32) DEFAULT NULL
) ENGINE=InnoDB DEFAULT CHARSET=utf8;

--
-- 转存表中的数据 `xiuCheng`
--

INSERT INTO `xiuCheng` (`id`, `name`) VALUES
(1, '临修'),
(2, '段修'),
(3, '辅修'),
(4, '入段厂修'),
(5, '大修'),
(6, '新造');

--
-- 转储表的索引
--

--
-- 表的索引 `cheJian`
--
ALTER TABLE `cheJian`
  ADD PRIMARY KEY (`id`);

--
-- 表的索引 `cheXing`
--
ALTER TABLE `cheXing`
  ADD PRIMARY KEY (`id`);

--
-- 表的索引 `cheZhong`
--
ALTER TABLE `cheZhong`
  ADD PRIMARY KEY (`id`);

--
-- 表的索引 `daBuWei`
--
ALTER TABLE `daBuWei`
  ADD PRIMARY KEY (`id`);

--
-- 表的索引 `danWei`
--
ALTER TABLE `danWei`
  ADD PRIMARY KEY (`id`);

--
-- 表的索引 `dianWen`
--
ALTER TABLE `dianWen`
  ADD PRIMARY KEY (`id`);

--
-- 表的索引 `group`
--
ALTER TABLE `group`
  ADD PRIMARY KEY (`id`);

--
-- 表的索引 `guZhang`
--
ALTER TABLE `guZhang`
  ADD PRIMARY KEY (`id`);

--
-- 表的索引 `jiaoJian`
--
ALTER TABLE `jiaoJian`
  ADD PRIMARY KEY (`id`);

--
-- 表的索引 `jiaoJianChuLi`
--
ALTER TABLE `jiaoJianChuLi`
  ADD PRIMARY KEY (`id`);

--
-- 表的索引 `jiaoJianCount`
--
ALTER TABLE `jiaoJianCount`
  ADD PRIMARY KEY (`id`),
  ADD KEY `month` (`month`);

--
-- 表的索引 `option`
--
ALTER TABLE `option`
  ADD PRIMARY KEY (`id`);

--
-- 表的索引 `peiJian`
--
ALTER TABLE `peiJian`
  ADD PRIMARY KEY (`id`);

--
-- 表的索引 `ruKuFuJian`
--
ALTER TABLE `ruKuFuJian`
  ADD PRIMARY KEY (`id`);

--
-- 表的索引 `user`
--
ALTER TABLE `user`
  ADD PRIMARY KEY (`id`);

--
-- 表的索引 `xingHao`
--
ALTER TABLE `xingHao`
  ADD PRIMARY KEY (`id`);

--
-- 表的索引 `xiuCheng`
--
ALTER TABLE `xiuCheng`
  ADD PRIMARY KEY (`id`);

--
-- 在导出的表使用AUTO_INCREMENT
--

--
-- 使用表AUTO_INCREMENT `cheJian`
--
ALTER TABLE `cheJian`
  MODIFY `id` tinyint(3) UNSIGNED NOT NULL AUTO_INCREMENT, AUTO_INCREMENT=11;

--
-- 使用表AUTO_INCREMENT `cheXing`
--
ALTER TABLE `cheXing`
  MODIFY `id` smallint(6) UNSIGNED NOT NULL AUTO_INCREMENT, AUTO_INCREMENT=2;

--
-- 使用表AUTO_INCREMENT `cheZhong`
--
ALTER TABLE `cheZhong`
  MODIFY `id` smallint(6) UNSIGNED NOT NULL AUTO_INCREMENT, AUTO_INCREMENT=367;

--
-- 使用表AUTO_INCREMENT `daBuWei`
--
ALTER TABLE `daBuWei`
  MODIFY `id` tinyint(3) UNSIGNED NOT NULL AUTO_INCREMENT, AUTO_INCREMENT=8;

--
-- 使用表AUTO_INCREMENT `danWei`
--
ALTER TABLE `danWei`
  MODIFY `id` tinyint(3) UNSIGNED NOT NULL AUTO_INCREMENT, AUTO_INCREMENT=3;

--
-- 使用表AUTO_INCREMENT `dianWen`
--
ALTER TABLE `dianWen`
  MODIFY `id` int(10) UNSIGNED NOT NULL AUTO_INCREMENT, AUTO_INCREMENT=4;

--
-- 使用表AUTO_INCREMENT `guZhang`
--
ALTER TABLE `guZhang`
  MODIFY `id` smallint(5) UNSIGNED NOT NULL AUTO_INCREMENT, AUTO_INCREMENT=333;

--
-- 使用表AUTO_INCREMENT `jiaoJian`
--
ALTER TABLE `jiaoJian`
  MODIFY `id` int(11) NOT NULL AUTO_INCREMENT, AUTO_INCREMENT=14;

--
-- 使用表AUTO_INCREMENT `jiaoJianCount`
--
ALTER TABLE `jiaoJianCount`
  MODIFY `id` int(10) UNSIGNED NOT NULL AUTO_INCREMENT, AUTO_INCREMENT=12;

--
-- 使用表AUTO_INCREMENT `peiJian`
--
ALTER TABLE `peiJian`
  MODIFY `id` smallint(5) UNSIGNED NOT NULL AUTO_INCREMENT, AUTO_INCREMENT=53;

--
-- 使用表AUTO_INCREMENT `ruKuFuJian`
--
ALTER TABLE `ruKuFuJian`
  MODIFY `id` int(10) UNSIGNED NOT NULL AUTO_INCREMENT, AUTO_INCREMENT=5;

--
-- 使用表AUTO_INCREMENT `user`
--
ALTER TABLE `user`
  MODIFY `id` smallint(6) NOT NULL AUTO_INCREMENT, AUTO_INCREMENT=23;

--
-- 使用表AUTO_INCREMENT `xingHao`
--
ALTER TABLE `xingHao`
  MODIFY `id` smallint(5) UNSIGNED NOT NULL AUTO_INCREMENT, AUTO_INCREMENT=206;

--
-- 使用表AUTO_INCREMENT `xiuCheng`
--
ALTER TABLE `xiuCheng`
  MODIFY `id` smallint(6) NOT NULL AUTO_INCREMENT, AUTO_INCREMENT=7;
COMMIT;

/*!40101 SET CHARACTER_SET_CLIENT=@OLD_CHARACTER_SET_CLIENT */;
/*!40101 SET CHARACTER_SET_RESULTS=@OLD_CHARACTER_SET_RESULTS */;
/*!40101 SET COLLATION_CONNECTION=@OLD_COLLATION_CONNECTION */;
